total,accuracy,precision,recall,f1_score,support,roc_auc,pct_urgence,mean_confidence,n_high_confidence,pct_high_confidence
5257,0.999429332318813,0.9995333644423705,0.9990671641791045,0.9993002099370188,5257,0.9998671016104828,40.76469469279056,0.4102482387269263,1194,22.712573711242154
