,precision,recall,f1-score,support
Non-urgence,0.7389830508474576,0.7941712204007286,0.7655838454784899,549.0
Urgence,0.665680473372781,0.5936675461741425,0.6276150627615062,379.0
accuracy,0.7122844827586207,0.7122844827586207,0.7122844827586207,0.7122844827586207
macro avg,0.7023317621101193,0.6939193832874355,0.696599454119998,928.0
weighted avg,0.7090458990555368,0.7122844827586207,0.709236680985239,928.0
