total,accuracy,precision,recall,f1_score,support,roc_auc,pct_urgence,mean_confidence,n_high_confidence,pct_high_confidence
749,0.6395193591455274,0.6069868995633187,0.43573667711598746,0.5072992700729927,749,0.6797040169133193,30.574098798397863,0.40497701114682777,1,0.13351134846461948
