total,accuracy,precision,recall,f1_score,support,roc_auc,pct_urgence,mean_confidence,n_high_confidence,pct_high_confidence
928,0.7122844827586207,0.665680473372781,0.5936675461741425,0.6276150627615062,928,0.7529208779695392,36.422413793103445,0.4258401315771938,83,8.943965517241379
