total,accuracy,precision,recall,f1_score,support,roc_auc,pct_urgence,mean_confidence,n_high_confidence,pct_high_confidence
5257,0.7289328514361804,0.7141155449672424,0.5592350746268657,0.6272560816113,5257,0.74665956077307,31.938367890431806,0.40863427343897,259,4.92676431424767
