total,accuracy,precision,recall,f1_score,support,roc_auc,pct_urgence,mean_confidence,n_high_confidence,pct_high_confidence
749,0.6915887850467289,0.664179104477612,0.5579937304075235,0.606473594548552,749,0.7323941094991615,35.78104138851803,0.36143701858448807,19,2.53671562082777
