,precision,recall,f1-score,support
Non-urgence,0.7389162561576355,0.819672131147541,0.7772020725388602,549.0
Urgence,0.6896551724137931,0.5804749340369393,0.6303724928366762,379.0
accuracy,0.7219827586206896,0.7219827586206896,0.7219827586206896,0.7219827586206896
macro avg,0.7142857142857143,0.7000735325922401,0.7037872826877682,928.0
weighted avg,0.7187977747579413,0.7219827586206896,0.717236112725145,928.0
