total,accuracy,precision,recall,f1_score,support,roc_auc,pct_urgence,mean_confidence,n_high_confidence,pct_high_confidence
928,0.7219827586206896,0.6896551724137931,0.5804749340369393,0.6303724928366762,928,0.7321082707345088,34.375,0.41736313068017306,44,4.741379310344827
