total,accuracy,precision,recall,f1_score,support,roc_auc,pct_urgence,mean_confidence,n_high_confidence,pct_high_confidence
928,0.9234913793103449,0.9139784946236559,0.8970976253298153,0.9054593874833555,928,0.968116652488814,40.08620689655172,-0.1672871830228513,293,31.573275862068968
