,precision,recall,f1-score,support
Non-urgence,0.9298561151079137,0.941712204007286,0.9357466063348416,549.0
Urgence,0.9139784946236559,0.8970976253298153,0.9054593874833555,379.0
accuracy,0.9234913793103449,0.9234913793103449,0.9234913793103449,0.9234913793103449
macro avg,0.9219173048657847,0.9194049146685506,0.9206029969090985,928.0
weighted avg,0.9233716127765196,0.9234913793103449,0.9233771494978662,928.0
