total,accuracy,precision,recall,f1_score,support,roc_auc,pct_urgence,mean_confidence,n_high_confidence,pct_high_confidence
749,0.7970627503337784,0.7537993920972644,0.7774294670846394,0.7654320987654321,749,0.8722570532915361,43.925233644859816,-0.10087617483276062,192,25.634178905206944
