total,accuracy,precision,recall,f1_score,support,roc_auc,pct_urgence,mean_confidence,n_high_confidence,pct_high_confidence
6185,0.9286984640258691,0.9180722891566265,0.906064209274673,0.9120287253141831,6185,0.9764457542222693,40.258690379951496,-0.19059959858408915,1906,30.816491511721907
