total,accuracy,precision,recall,f1_score,support,roc_auc,pct_urgence,mean_confidence,n_high_confidence,pct_high_confidence
928,0.7478448275862069,0.7217125382262997,0.6226912928759895,0.6685552407932012,928,0.7910833321318204,35.237068965517246,0.41850293,107,11.530172413793103
