total,accuracy,precision,recall,f1_score,support,roc_auc,pct_urgence,mean_confidence,n_high_confidence,pct_high_confidence
749,0.7076101468624834,0.7032520325203252,0.542319749216301,0.6123893805309736,749,0.7646533498578406,32.843791722296395,0.39714885,35,4.672897196261682
