total,accuracy,precision,recall,f1_score,support,roc_auc,pct_urgence,mean_confidence,n_high_confidence,pct_high_confidence
5257,0.8141525584934374,0.8236272878535774,0.6926305970149254,0.7524702305548516,5257,0.9291676305670491,34.29712763933803,0.407455,584,11.108997527106714
