,precision,recall,f1-score,support
Non-urgence,0.762063227953411,0.8342440801457195,0.7965217391304348,549.0
Urgence,0.7217125382262997,0.6226912928759895,0.6685552407932012,379.0
accuracy,0.7478448275862069,0.7478448275862069,0.7478448275862069,0.7478448275862069
macro avg,0.7418878830898553,0.7284676865108545,0.7325384899618179,928.0
weighted avg,0.7455837975583947,0.7478448275862069,0.7442595593138275,928.0
