total,pct_urgence,mean_confidence,n_high_confidence,pct_high_confidence
749,30.574098798397863,0.40497701114682777,1,0.13351134846461948
