Modèle,F1_Score_Validation,Accuracy_Validation,Precision_Validation,Recall_Validation,AUC_ROC,F1_Score_Train,Gap_Overfitting,Cross_Validation_F1,CV_Std,Training_Split,Dataset_Size,Features_Count,Test_Predictions,Emergency_Detection_Rate,Average_Confidence
decisiontree Régularisé,0.584045584045584,0.6853448275862069,0.6346749226006192,0.5408970976253298,0.724216733711089,0.5727675084613382,-0.011278075584245872,0.5264321660220915,0.026587952635849066,85/15,6185,17,749,0.2136181575433912,0.6895242291259348
