total,accuracy,precision,recall,f1_score,support,roc_auc,pct_urgence,mean_confidence,n_high_confidence,pct_high_confidence
749,0.6221628838451269,0.5725806451612904,0.445141065830721,0.5008818342151675,749,0.6640263906101918,33.11081441922563,0.37287895267070886,28,3.7383177570093453
