total,accuracy,precision,recall,f1_score,support,roc_auc,pct_urgence,mean_confidence,n_high_confidence,pct_high_confidence
5257,0.9996195548792087,1.0,0.9990671641791045,0.9995333644423705,5257,0.999999250854625,40.74567243675099,0.4078371694883013,2142,40.74567243675099
