total,accuracy,precision,recall,f1_score,support,roc_auc,pct_urgence,mean_confidence,n_high_confidence,pct_high_confidence
928,0.6303879310344828,0.5447761194029851,0.5778364116094987,0.5608194622279129,928,0.6222515391380827,43.31896551724138,0.4331896551724138,402,43.31896551724138
