,precision,recall,f1-score,support
Non-urgence,0.6958174904942965,0.6666666666666666,0.6809302325581396,549.0
Urgence,0.5447761194029851,0.5778364116094987,0.5608194622279129,379.0
accuracy,0.6303879310344828,0.6303879310344828,0.6303879310344828,0.6303879310344828
macro avg,0.6202968049486408,0.6222515391380827,0.6208748473930262,928.0
weighted avg,0.6341314132921337,0.6303879310344828,0.6318763726926698,928.0
